{
    "rmse": 0.7201726209896526,
    "mae": 0.5722611837173553,
    "r2": 0.27905392824144293
}